{"cameraMode":{"drawMode":0,"name":"Shaded","section":"Shading Mode"},"sceneLighting":true,"audioPlay":false,"sceneViewState":{"m_AlwaysRefresh":false,"showFog":true,"showSkybox":true,"showFlares":true,"showImageEffects":true,"showParticleSystems":true,"showVisualEffectGraphs":true,"m_FxEnabled":true},"in2DMode":false,"pivot":{"x":1.9657042026519776,"y":1.073866844177246,"z":-11.113533020019532},"rotation":{"x":-0.02748563513159752,"y":-0.9591575860977173,"z":0.09992214292287827,"w":-0.2635999619960785},"size":3.9543046951293947,"orthographic":false}